"","model","Dbar","Dhat","pD","DIC"
"1","analysis-full.txt",212.239795684539,78.8143285269298,133.425467157609,345.665262842148
"2","analysis-no-repens.txt",221.552769289586,127.560550206157,93.9922190834291,315.544988373015
"3","analysis-zeros.txt",240.684060239229,189.500984254352,51.183075984877,291.867136224106
